{
  "accuracy": [
    0.8055275082588196,
    0.8272302150726318,
    0.8356561064720154,
    0.8413203954696655,
    0.8460668325424194,
    0.8502793312072754,
    0.8547793626785278,
    0.858462393283844,
    0.8663337826728821,
    0.8699525594711304
  ],
  "loss": [
    0.4239373803138733,
    0.3849664032459259,
    0.369272917509079,
    0.35809382796287537,
    0.34879177808761597,
    0.3404441177845001,
    0.33225059509277344,
    0.3244393467903137,
    0.30794814229011536,
    0.30094119906425476
  ],
  "val_accuracy": [
    0.8217541575431824,
    0.8295750021934509,
    0.8354916572570801,
    0.8364291787147522,
    0.8384541869163513,
    0.8394333124160767,
    0.8392458558082581,
    0.8374583125114441,
    0.8372583389282227,
    0.8363749980926514
  ],
  "val_loss": [
    0.3962302505970001,
    0.3778839409351349,
    0.36659058928489685,
    0.3653430938720703,
    0.3613003194332123,
    0.3681146204471588,
    0.3678204119205475,
    0.37266796827316284,
    0.36879733204841614,
    0.3831951916217804
  ],
  "learning_rate": [
    0.0010000000474974513,
    0.0010000000474974513,
    0.0010000000474974513,
    0.0010000000474974513,
    0.0010000000474974513,
    0.0010000000474974513,
    0.0010000000474974513,
    0.0010000000474974513,
    0.0005000000237487257,
    0.0005000000237487257
  ]
}