,precision,recall,f1-score,support,model
Negative,0.8317734925524284,0.8213416666666666,0.8265246650873185,120000.0,CNN-LSTM Hybrid
Positive,0.8235545862310193,0.8338833333333333,0.8286867766712905,120000.0,CNN-LSTM Hybrid
accuracy,0.8276125,0.8276125,0.8276125,0.8276125,CNN-LSTM Hybrid
macro avg,0.8276640393917238,0.8276125,0.8276057208793045,240000.0,CNN-LSTM Hybrid
weighted avg,0.8276640393917237,0.8276125,0.8276057208793045,240000.0,CNN-LSTM Hybrid
