,precision,recall,f1-score,support,model
Negative,0.8355206977457572,0.8398166666666667,0.8376631742561831,120000.0,LSTM + Attention
Positive,0.8389888007505256,0.834675,0.8368263410517873,120000.0,LSTM + Attention
accuracy,0.8372458333333334,0.8372458333333334,0.8372458333333334,0.8372458333333334,LSTM + Attention
macro avg,0.8372547492481415,0.8372458333333332,0.8372447576539852,240000.0,LSTM + Attention
weighted avg,0.8372547492481414,0.8372458333333334,0.8372447576539853,240000.0,LSTM + Attention
