model_name,accuracy,precision,recall,f1_score,auc_roc,true_negatives,false_positives,false_negatives,true_positives
Simple LSTM,0.8346791666666666,0.851464526687028,0.8108,0.830634868463177,0.9155652886111112,103027,16973,22704,97296
LSTM + Attention,0.8372458333333334,0.8389888007505256,0.834675,0.8368263410517873,0.9176713270833334,100778,19222,19839,100161
CNN-LSTM Hybrid,0.8276125,0.8235545862310193,0.8338833333333333,0.8286867766712905,0.9099038786458332,98561,21439,19934,100066
Bidirectional LSTM,0.8347166666666667,0.8402802487334587,0.8265416666666666,0.8333543383829473,0.9151717834722224,101147,18853,20815,99185
Transformer,0.8171875,0.8218843288315335,0.8098916666666667,0.8158439279913033,0.9002584252777778,98938,21062,22813,97187
