,precision,recall,f1-score,support,model
Negative,0.8194240083988833,0.8585583333333333,0.838534820596506,120000.0,Simple LSTM
Positive,0.851464526687028,0.8108,0.830634868463177,120000.0,Simple LSTM
accuracy,0.8346791666666666,0.8346791666666666,0.8346791666666666,0.8346791666666666,Simple LSTM
macro avg,0.8354442675429556,0.8346791666666666,0.8345848445298415,240000.0,Simple LSTM
weighted avg,0.8354442675429556,0.8346791666666666,0.8345848445298415,240000.0,Simple LSTM
