,precision,recall,f1-score,support,model
Negative,0.8126257689875237,0.8244833333333333,0.8185116090522893,120000.0,Transformer
Positive,0.8218843288315335,0.8098916666666667,0.8158439279913033,120000.0,Transformer
accuracy,0.8171875,0.8171875,0.8171875,0.8171875,Transformer
macro avg,0.8172550489095286,0.8171875,0.8171777685217962,240000.0,Transformer
weighted avg,0.8172550489095286,0.8171875,0.8171777685217964,240000.0,Transformer
